Source,Target,Type,Id,Label,timeset,Weight
227657,1687066,Directed,1,,,1
227657,1895348,Directed,2,,,1
227657,15604345,Directed,3,,,1
227657,270477814,Directed,4,,,1
413300,3864197,Directed,5,,,1
413300,3905784,Directed,6,,,1
413300,5349199,Directed,7,,,1
413300,6218698,Directed,8,,,1
413300,31321482,Directed,9,,,1
413300,39207926,Directed,10,,,1
1601280,1990478,Directed,11,,,1
1601280,2583166,Directed,12,,,1
1601280,8837849,Directed,13,,,1
1601280,61819107,Directed,14,,,1
1601280,142929208,Directed,15,,,1
1601280,151521615,Directed,16,,,1
1601280,186301632,Directed,17,,,1
1601280,263420880,Directed,18,,,1
1601280,385370289,Directed,19,,,1
1601280,508267550,Directed,20,,,1
1687066,227657,Directed,21,,,1
1687066,1895348,Directed,22,,,1
1687066,15604345,Directed,23,,,1
1687066,55826326,Directed,24,,,1
1687066,270477814,Directed,25,,,1
1895348,227657,Directed,26,,,1
1895348,1687066,Directed,27,,,1
1895348,15604345,Directed,28,,,1
1895348,55826326,Directed,29,,,1
1895348,270477814,Directed,30,,,1
1990478,1601280,Directed,31,,,1
1990478,4217922,Directed,32,,,1
2058128,54447453,Directed,33,,,1
2459486,7383910,Directed,34,,,1
2459486,7726541,Directed,35,,,1
2459486,24491068,Directed,36,,,1
2459486,92674866,Directed,37,,,1
2459486,142565923,Directed,38,,,1
2459486,164933558,Directed,39,,,1
2459486,246841629,Directed,40,,,1
2517874,4217922,Directed,41,,,1
2583166,1601280,Directed,42,,,1
2699093,9372166,Directed,43,,,1
2699093,9673822,Directed,44,,,1
2699093,10360922,Directed,45,,,1
2699093,15804314,Directed,47,,,1
2699093,53937541,Directed,48,,,1
2699093,112447060,Directed,49,,,1
2833128,9673822,Directed,50,,,1
2833128,53937541,Directed,51,,,1
3363362,3734345,Directed,52,,,1
3363362,5325067,Directed,53,,,1
3363362,6407680,Directed,54,,,1
3363362,6769254,Directed,55,,,1
3363362,7815454,Directed,56,,,1
3363362,9023364,Directed,57,,,1
3363362,9173772,Directed,59,,,1
3363362,10020082,Directed,60,,,1
3363362,13882914,Directed,61,,,1
3363362,19642021,Directed,62,,,1
147112973,562917252,Directed,2152,,,1
3363362,28900519,Directed,64,,,1
3538796,3848664,Directed,65,,,1
3538796,4311406,Directed,66,,,1
3538796,7038577,Directed,67,,,1
3538796,7815454,Directed,68,,,1
3538796,8644937,Directed,69,,,1
3538796,8660003,Directed,70,,,1
3538796,9023364,Directed,71,,,1
3538796,14441649,Directed,73,,,1
3538796,14870878,Directed,74,,,1
3538796,19642021,Directed,75,,,1
57516267,562917252,Directed,2153,,,1
3538796,24032841,Directed,77,,,1
3538796,65225390,Directed,78,,,1
365064968,562917251,Directed,2108,,,1
100374520,562917251,Directed,2097,,,1
3734345,3363362,Directed,81,,,1
3734345,6407680,Directed,82,,,1
3734345,7815454,Directed,83,,,1
3848664,3538796,Directed,84,,,1
3848664,4311406,Directed,85,,,1
3848664,6769254,Directed,86,,,1
3848664,7815454,Directed,87,,,1
45712751,562917252,Directed,2154,,,1
3848664,24032841,Directed,89,,,1
52055451,562917251,Directed,2098,,,1
3848664,307363013,Directed,92,,,1
3864197,413300,Directed,94,,,1
3864197,5349199,Directed,95,,,1
3864197,5751292,Directed,96,,,1
3864197,6111900,Directed,97,,,1
3864197,7066177,Directed,98,,,1
3864197,9433513,Directed,99,,,1
3864197,15731920,Directed,100,,,1
3864197,24337515,Directed,101,,,1
3864197,31321482,Directed,102,,,1
3864197,37265069,Directed,103,,,1
3864197,39207926,Directed,104,,,1
3864197,41269481,Directed,105,,,1
3864197,74613242,Directed,106,,,1
3864197,138282840,Directed,107,,,1
3864197,150562623,Directed,108,,,1
3864197,285604117,Directed,109,,,1
3905784,413300,Directed,110,,,1
3905784,7066177,Directed,111,,,1
4217922,1990478,Directed,112,,,1
4217922,2517874,Directed,113,,,1
4217922,4479411,Directed,114,,,1
4311406,3538796,Directed,115,,,1
4311406,3848664,Directed,116,,,1
4311406,6407680,Directed,117,,,1
4311406,6769254,Directed,118,,,1
4311406,7038577,Directed,119,,,1
4311406,7815454,Directed,120,,,1
4311406,8660003,Directed,121,,,1
4311406,9023364,Directed,122,,,1
4311406,14441649,Directed,123,,,1
4311406,14870878,Directed,124,,,1
4311406,19642021,Directed,125,,,1
4311406,20821771,Directed,126,,,1
4311406,24032841,Directed,127,,,1
4311406,28900519,Directed,128,,,1
4311406,36441035,Directed,129,,,1
193946764,562917251,Directed,2109,,,1
562917251,365064968,Directed,2099,,,1
4311406,307363013,Directed,133,,,1
4422316,6308154,Directed,135,,,1
4422316,6769254,Directed,136,,,1
4422316,7372677,Directed,137,,,1
4422316,9667022,Directed,138,,,1
4422316,65225390,Directed,139,,,1
4422316,119352565,Directed,140,,,1
4479411,4217922,Directed,141,,,1
5325067,3363362,Directed,142,,,1
5325067,6769254,Directed,143,,,1
5325067,7815454,Directed,144,,,1
5325067,9173772,Directed,145,,,1
5325067,10020082,Directed,146,,,1
5325067,19642021,Directed,147,,,1
5325067,28900519,Directed,148,,,1
5349199,413300,Directed,149,,,1
5349199,3864197,Directed,150,,,1
5349199,5751292,Directed,151,,,1
5349199,6111900,Directed,152,,,1
5349199,7066177,Directed,153,,,1
5349199,24337515,Directed,154,,,1
5349199,31321482,Directed,155,,,1
5349199,37265069,Directed,156,,,1
5349199,39207926,Directed,157,,,1
5349199,41269481,Directed,158,,,1
5349199,74613242,Directed,159,,,1
5349199,100070218,Directed,160,,,1
5349199,138282840,Directed,161,,,1
5349199,150562623,Directed,162,,,1
5349199,285604117,Directed,163,,,1
5599901,6516489,Directed,164,,,1
5599901,12789381,Directed,165,,,1
5599901,14583473,Directed,166,,,1
5599901,19045333,Directed,167,,,1
5599901,22662800,Directed,168,,,1
5599901,52055451,Directed,169,,,1
5599901,72454202,Directed,170,,,1
5599901,144468561,Directed,171,,,1
5599901,168639534,Directed,172,,,1
5599901,205312651,Directed,173,,,1
5599901,205850158,Directed,174,,,1
5599901,206047760,Directed,175,,,1
5599901,210752933,Directed,176,,,1
5599901,220099966,Directed,177,,,1
5599901,258771167,Directed,178,,,1
5599901,266034113,Directed,179,,,1
5599901,365064968,Directed,180,,,1
5599901,405613416,Directed,181,,,1
14441649,562917253,Directed,2158,,,1
5751292,3864197,Directed,183,,,1
5751292,5349199,Directed,184,,,1
5751292,6111900,Directed,185,,,1
5751292,7066177,Directed,186,,,1
5751292,16547019,Directed,187,,,1
5751292,24337515,Directed,188,,,1
5751292,31321482,Directed,189,,,1
5751292,37265069,Directed,190,,,1
5751292,39207926,Directed,191,,,1
5751292,41269481,Directed,192,,,1
5751292,74613242,Directed,193,,,1
5751292,100070218,Directed,194,,,1
5751292,138282840,Directed,195,,,1
5751292,150562623,Directed,196,,,1
5751292,285604117,Directed,197,,,1
5938997,52418947,Directed,198,,,1
5938997,54447453,Directed,199,,,1
6111900,3864197,Directed,200,,,1
6111900,5349199,Directed,201,,,1
6111900,5751292,Directed,202,,,1
6111900,7066177,Directed,203,,,1
6111900,18831551,Directed,204,,,1
6111900,39207926,Directed,205,,,1
6111900,41269481,Directed,206,,,1
6111900,74613242,Directed,207,,,1
6111900,100070218,Directed,208,,,1
6111900,150562623,Directed,209,,,1
6218698,413300,Directed,210,,,1
6218698,18831551,Directed,211,,,1
6218698,54447453,Directed,212,,,1
6308154,4422316,Directed,213,,,1
6308154,7372677,Directed,214,,,1
6308154,9667022,Directed,215,,,1
6308154,65225390,Directed,216,,,1
6407680,3363362,Directed,217,,,1
6407680,3734345,Directed,218,,,1
6407680,4311406,Directed,219,,,1
6407680,6769254,Directed,220,,,1
6407680,7038577,Directed,221,,,1
6407680,7815454,Directed,222,,,1
6407680,8408976,Directed,224,,,1
6407680,8660003,Directed,225,,,1
6407680,9023364,Directed,226,,,1
6407680,10020082,Directed,227,,,1
6407680,14441649,Directed,229,,,1
6407680,14870878,Directed,230,,,1
6407680,19642021,Directed,231,,,1
42044934,562917252,Directed,2155,,,1
6407680,24032841,Directed,233,,,1
6407680,28900519,Directed,234,,,1
6407680,62561894,Directed,235,,,1
562917251,193946764,Directed,2100,,,1
6407680,307363013,Directed,237,,,1
6516489,5599901,Directed,239,,,1
6516489,12789381,Directed,240,,,1
6516489,15803716,Directed,241,,,1
6516489,19045333,Directed,242,,,1
6516489,21547742,Directed,243,,,1
6516489,22662800,Directed,244,,,1
6516489,27625112,Directed,245,,,1
6516489,29424858,Directed,246,,,1
6516489,45240815,Directed,247,,,1
6516489,52055451,Directed,248,,,1
6516489,100374520,Directed,249,,,1
6516489,152061184,Directed,250,,,1
6516489,193946764,Directed,251,,,1
6516489,205312651,Directed,252,,,1
6516489,220099966,Directed,253,,,1
6516489,405613416,Directed,254,,,1
6769254,3363362,Directed,255,,,1
6769254,3848664,Directed,256,,,1
6769254,4311406,Directed,257,,,1
6769254,4422316,Directed,258,,,1
6769254,5325067,Directed,259,,,1
6769254,6407680,Directed,260,,,1
6769254,7038577,Directed,261,,,1
6769254,7278378,Directed,262,,,1
6769254,7372677,Directed,263,,,1
6769254,8660003,Directed,265,,,1
6769254,9023364,Directed,266,,,1
6769254,9173772,Directed,268,,,1
6769254,9667022,Directed,269,,,1
6769254,10020082,Directed,270,,,1
6769254,14441649,Directed,271,,,1
6769254,14870878,Directed,272,,,1
6769254,19642021,Directed,273,,,1
19045333,562917252,Directed,2156,,,1
6769254,28900519,Directed,275,,,1
6769254,65225390,Directed,277,,,1
129500474,562917251,Directed,2110,,,1
562917251,42044934,Directed,2105,,,1
562917251,129500474,Directed,2101,,,1
6769254,307363013,Directed,281,,,1
7038577,3538796,Directed,283,,,1
7038577,4311406,Directed,284,,,1
7038577,6407680,Directed,285,,,1
7038577,6769254,Directed,286,,,1
7038577,7815454,Directed,287,,,1
7038577,8644937,Directed,289,,,1
7038577,14441649,Directed,290,,,1
7038577,14870878,Directed,291,,,1
7038577,19642021,Directed,292,,,1
5599901,562917252,Directed,2157,,,1
7038577,20821771,Directed,294,,,1
7038577,28900519,Directed,295,,,1
72454202,562917251,Directed,2111,,,1
7038577,142639387,Directed,297,,,1
562917251,72454202,Directed,2102,,,1
7038577,307363013,Directed,299,,,1
7066177,3864197,Directed,301,,,1
7066177,3905784,Directed,302,,,1
7066177,5349199,Directed,303,,,1
7066177,5751292,Directed,304,,,1
7066177,6111900,Directed,305,,,1
7066177,9433513,Directed,306,,,1
7066177,16547019,Directed,307,,,1
7066177,18831551,Directed,308,,,1
7066177,24337515,Directed,309,,,1
7066177,31321482,Directed,310,,,1
7066177,37265069,Directed,311,,,1
7066177,39207926,Directed,312,,,1
7066177,41269481,Directed,313,,,1
7066177,74613242,Directed,314,,,1
7066177,100070218,Directed,315,,,1
7066177,138282840,Directed,316,,,1
7066177,150562623,Directed,317,,,1
7066177,285604117,Directed,318,,,1
7278378,6769254,Directed,319,,,1
7278378,7815454,Directed,320,,,1
7278378,9023364,Directed,321,,,1
7278378,14441649,Directed,322,,,1
7278378,14870878,Directed,323,,,1
7278378,19642021,Directed,324,,,1
7278378,307363013,Directed,325,,,1
7292505,226594840,Directed,327,,,1
7292505,344410216,Directed,328,,,1
7372677,4422316,Directed,329,,,1
7372677,6308154,Directed,330,,,1
7372677,6769254,Directed,331,,,1
7372677,9667022,Directed,332,,,1
7372677,65225390,Directed,334,,,1
7372677,119352565,Directed,335,,,1
7383910,2459486,Directed,337,,,1
7383910,7726541,Directed,338,,,1
7383910,92674866,Directed,339,,,1
7383910,142565923,Directed,340,,,1
7726541,2459486,Directed,341,,,1
7726541,7383910,Directed,342,,,1
7726541,92674866,Directed,343,,,1
7726541,142565923,Directed,344,,,1
7726541,164933558,Directed,345,,,1
7726541,246841629,Directed,346,,,1
7815454,3363362,Directed,347,,,1
7815454,3538796,Directed,348,,,1
7815454,3734345,Directed,349,,,1
7815454,3848664,Directed,350,,,1
7815454,4311406,Directed,351,,,1
7815454,5325067,Directed,352,,,1
7815454,6407680,Directed,353,,,1
7815454,7038577,Directed,354,,,1
7815454,7278378,Directed,355,,,1
7815454,10020082,Directed,356,,,1
7815454,14441649,Directed,357,,,1
7815454,14870878,Directed,358,,,1
7815454,19642021,Directed,359,,,1
7815454,20821771,Directed,361,,,1
7815454,28900519,Directed,362,,,1
7815454,62561894,Directed,364,,,1
45240815,562917251,Directed,2112,,,1
562917251,52055451,Directed,2103,,,1
7815454,307363013,Directed,367,,,1
8316747,38661612,Directed,369,,,1
8316747,52418947,Directed,370,,,1
8316747,54447453,Directed,371,,,1
8316747,189096318,Directed,372,,,1
8316747,404106269,Directed,373,,,1
8408976,6407680,Directed,374,,,1
8408976,8660003,Directed,375,,,1
8408976,19642021,Directed,376,,,1
8644937,3538796,Directed,377,,,1
8644937,7038577,Directed,378,,,1
8644937,23499242,Directed,380,,,1
8660003,3538796,Directed,381,,,1
8660003,4311406,Directed,382,,,1
8660003,6407680,Directed,383,,,1
8660003,6769254,Directed,384,,,1
8660003,8408976,Directed,385,,,1
8660003,9023364,Directed,386,,,1
8660003,14441649,Directed,389,,,1
8660003,14870878,Directed,390,,,1
8660003,19642021,Directed,391,,,1
8764390,13186664,Directed,392,,,1
8764390,31321482,Directed,393,,,1
8837849,1601280,Directed,394,,,1
8837849,15093046,Directed,395,,,1
8837849,61819107,Directed,396,,,1
8837849,72454202,Directed,397,,,1
8837849,142929208,Directed,398,,,1
8837849,206047760,Directed,399,,,1
9023364,3363362,Directed,400,,,1
9023364,3538796,Directed,401,,,1
9023364,4311406,Directed,402,,,1
9023364,6407680,Directed,403,,,1
9023364,6769254,Directed,404,,,1
9023364,7278378,Directed,405,,,1
9023364,8660003,Directed,406,,,1
9023364,9173772,Directed,408,,,1
9023364,10020082,Directed,409,,,1
9023364,14441649,Directed,410,,,1
9023364,14870878,Directed,411,,,1
9023364,19642021,Directed,412,,,1
42044934,562917251,Directed,2113,,,1
562917251,31130945,Directed,2106,,,1
9155167,36395547,Directed,416,,,1
9155167,36441035,Directed,417,,,1
9155167,38661612,Directed,418,,,1
9155167,52418947,Directed,419,,,1
9155167,54447453,Directed,420,,,1
9155167,89278547,Directed,421,,,1
9155167,255520508,Directed,422,,,1
9155167,404106269,Directed,423,,,1
9155167,469499447,Directed,424,,,1
9173772,3363362,Directed,425,,,1
9173772,5325067,Directed,426,,,1
9173772,6769254,Directed,427,,,1
9173772,9023364,Directed,428,,,1
9173772,10020082,Directed,430,,,1
9173772,19642021,Directed,431,,,1
9173772,28900519,Directed,432,,,1
9372166,2699093,Directed,433,,,1
9372166,9673822,Directed,434,,,1
9372166,10360922,Directed,435,,,1
9372166,15804314,Directed,437,,,1
9372166,24082129,Directed,438,,,1
9372166,49896425,Directed,439,,,1
9372166,53937541,Directed,440,,,1
9372166,112447060,Directed,441,,,1
9433513,3864197,Directed,442,,,1
9433513,7066177,Directed,443,,,1
9433513,39207926,Directed,444,,,1
9433513,109410473,Directed,445,,,1
9667022,4422316,Directed,446,,,1
9667022,6308154,Directed,447,,,1
9667022,6769254,Directed,448,,,1
9667022,7372677,Directed,449,,,1
9667022,65225390,Directed,450,,,1
9667022,119352565,Directed,451,,,1
9673822,2699093,Directed,452,,,1
9673822,2833128,Directed,453,,,1
9673822,9372166,Directed,454,,,1
9673822,10360922,Directed,455,,,1
9673822,15804314,Directed,457,,,1
9673822,53937541,Directed,458,,,1
10020082,3363362,Directed,459,,,1
10020082,5325067,Directed,460,,,1
10020082,6407680,Directed,461,,,1
10020082,6769254,Directed,462,,,1
10020082,7815454,Directed,463,,,1
10020082,9023364,Directed,464,,,1
10020082,9173772,Directed,466,,,1
10020082,13882914,Directed,467,,,1
10020082,19642021,Directed,468,,,1
10020082,28900519,Directed,470,,,1
10040536,23686916,Directed,471,,,1
10040536,31592008,Directed,472,,,1
10040536,56764584,Directed,473,,,1
10040536,141747402,Directed,474,,,1
10040536,179696593,Directed,475,,,1
10040536,513457158,Directed,476,,,1
10360922,2699093,Directed,477,,,1
10360922,9372166,Directed,478,,,1
10360922,9673822,Directed,479,,,1
10360922,15804314,Directed,480,,,1
10360922,49896425,Directed,481,,,1
10360922,53937541,Directed,482,,,1
10360922,112447060,Directed,483,,,1
11044395,16547019,Directed,484,,,1
11044395,24033979,Directed,485,,,1
12789381,5599901,Directed,486,,,1
12789381,6516489,Directed,487,,,1
12789381,14583473,Directed,488,,,1
12789381,15803716,Directed,489,,,1
12789381,19045333,Directed,490,,,1
12789381,21547742,Directed,491,,,1
12789381,24054585,Directed,492,,,1
12789381,29424858,Directed,493,,,1
12789381,42044934,Directed,494,,,1
12789381,45240815,Directed,495,,,1
562917252,205312651,Directed,2137,,,1
12789381,52055451,Directed,497,,,1
12789381,57516267,Directed,498,,,1
12789381,72454202,Directed,499,,,1
12789381,100374520,Directed,500,,,1
12789381,129500474,Directed,501,,,1
12789381,140808280,Directed,502,,,1
12789381,152061184,Directed,503,,,1
12789381,155661745,Directed,504,,,1
12789381,167872081,Directed,505,,,1
12789381,193946764,Directed,506,,,1
12789381,205850158,Directed,507,,,1
12789381,220099966,Directed,508,,,1
12789381,255731762,Directed,509,,,1
12789381,266034113,Directed,510,,,1
12789381,365064968,Directed,511,,,1
12789381,405613416,Directed,512,,,1
13186664,16547019,Directed,514,,,1
13186664,31321482,Directed,515,,,1
13882914,3363362,Directed,516,,,1
13882914,10020082,Directed,517,,,1
14441649,3538796,Directed,518,,,1
14441649,4311406,Directed,519,,,1
14441649,6407680,Directed,520,,,1
14441649,6769254,Directed,521,,,1
14441649,7038577,Directed,522,,,1
14441649,7278378,Directed,523,,,1
14441649,7815454,Directed,524,,,1
14441649,8660003,Directed,525,,,1
14441649,9023364,Directed,526,,,1
14441649,14870878,Directed,527,,,1
14441649,19642021,Directed,528,,,1
14441649,20821771,Directed,530,,,1
14441649,24032841,Directed,531,,,1
14441649,28900519,Directed,532,,,1
31130945,562917251,Directed,2114,,,1
562917251,22662800,Directed,2107,,,1
562917251,45240815,Directed,2104,,,1
14441649,307363013,Directed,537,,,1
14583473,5599901,Directed,539,,,1
14583473,12789381,Directed,540,,,1
14583473,15803716,Directed,541,,,1
14583473,19045333,Directed,542,,,1
14583473,22662800,Directed,543,,,1
14583473,24054585,Directed,544,,,1
14583473,31130945,Directed,545,,,1
14583473,42044934,Directed,546,,,1
14583473,52055451,Directed,547,,,1
14583473,57516267,Directed,548,,,1
14583473,72454202,Directed,549,,,1
14583473,140808280,Directed,550,,,1
14583473,142952695,Directed,551,,,1
14583473,144468561,Directed,552,,,1
14583473,168639534,Directed,553,,,1
14583473,195924453,Directed,554,,,1
14583473,205312651,Directed,555,,,1
14583473,206047760,Directed,556,,,1
14583473,210183629,Directed,557,,,1
14583473,210752933,Directed,558,,,1
14583473,215122811,Directed,559,,,1
14583473,219156121,Directed,560,,,1
14583473,219930156,Directed,561,,,1
14583473,220099966,Directed,562,,,1
14583473,222654604,Directed,563,,,1
14583473,249341403,Directed,564,,,1
14583473,255020634,Directed,565,,,1
14583473,258771167,Directed,566,,,1
14583473,263910175,Directed,567,,,1
14583473,266034113,Directed,568,,,1
14583473,350203424,Directed,569,,,1
14583473,405613416,Directed,570,,,1
14583473,524948955,Directed,571,,,1
14870878,3538796,Directed,572,,,1
14870878,4311406,Directed,573,,,1
14870878,6407680,Directed,574,,,1
14870878,6769254,Directed,575,,,1
14870878,7038577,Directed,576,,,1
14870878,7278378,Directed,577,,,1
14870878,7815454,Directed,578,,,1
14870878,8660003,Directed,579,,,1
14870878,9023364,Directed,580,,,1
14870878,14441649,Directed,581,,,1
14870878,19642021,Directed,582,,,1
14870878,20821771,Directed,583,,,1
22662800,562917251,Directed,2115,,,1
14870878,142639387,Directed,585,,,1
14870878,307363013,Directed,586,,,1
15093046,8837849,Directed,588,,,1
15093046,21547742,Directed,589,,,1
15093046,72454202,Directed,590,,,1
15604345,227657,Directed,591,,,1
15604345,1687066,Directed,592,,,1
15604345,1895348,Directed,593,,,1
15604345,55826326,Directed,594,,,1
15604345,270477814,Directed,595,,,1
15731920,3864197,Directed,596,,,1
15731920,24033979,Directed,597,,,1
15803716,6516489,Directed,598,,,1
15803716,12789381,Directed,599,,,1
15803716,14583473,Directed,600,,,1
15803716,19045333,Directed,601,,,1
15803716,22662800,Directed,602,,,1
15803716,27625112,Directed,603,,,1
15803716,29424858,Directed,604,,,1
15803716,31130945,Directed,605,,,1
562917252,193946764,Directed,2138,,,1
15803716,52055451,Directed,607,,,1
15803716,63244111,Directed,608,,,1
15803716,100374520,Directed,609,,,1
15803716,141211618,Directed,610,,,1
15803716,142952695,Directed,611,,,1
15803716,205312651,Directed,612,,,1
15803716,205850158,Directed,613,,,1
15803716,206047760,Directed,614,,,1
15803716,210183629,Directed,615,,,1
15803716,215122811,Directed,616,,,1
15803716,220099966,Directed,617,,,1
15803716,229970498,Directed,618,,,1
15803716,241122169,Directed,619,,,1
15803716,255020634,Directed,620,,,1
15803716,255731762,Directed,621,,,1
15803716,258771167,Directed,622,,,1
15803716,259383606,Directed,623,,,1
15803716,266034113,Directed,624,,,1
15803716,325841893,Directed,625,,,1
15803716,365064968,Directed,626,,,1
15803716,405613416,Directed,627,,,1
15803716,438267912,Directed,628,,,1
15804314,2699093,Directed,630,,,1
15804314,9372166,Directed,631,,,1
15804314,9673822,Directed,632,,,1
15804314,10360922,Directed,633,,,1
15804314,53937541,Directed,635,,,1
15804314,91165966,Directed,636,,,1
15804314,112447060,Directed,637,,,1
16547019,5751292,Directed,638,,,1
16547019,7066177,Directed,639,,,1
16547019,11044395,Directed,640,,,1
16547019,13186664,Directed,641,,,1
16547019,18831551,Directed,642,,,1
16547019,31321482,Directed,643,,,1
16547019,37265069,Directed,644,,,1
16547019,39207926,Directed,645,,,1
16547019,41269481,Directed,646,,,1
16547019,120271658,Directed,647,,,1
16547019,150562623,Directed,648,,,1
18534161,37265069,Directed,649,,,1
18534161,41269481,Directed,650,,,1
18831551,6111900,Directed,651,,,1
18831551,6218698,Directed,652,,,1
18831551,7066177,Directed,653,,,1
18831551,16547019,Directed,654,,,1
18831551,39207926,Directed,655,,,1
19045333,5599901,Directed,656,,,1
19045333,6516489,Directed,657,,,1
19045333,12789381,Directed,658,,,1
19045333,14583473,Directed,659,,,1
19045333,15803716,Directed,660,,,1
19045333,31130945,Directed,661,,,1
19045333,45712751,Directed,662,,,1
562917252,147112973,Directed,2139,,,1
19045333,52055451,Directed,664,,,1
19045333,57516267,Directed,665,,,1
19045333,72454202,Directed,666,,,1
19045333,100374520,Directed,667,,,1
19045333,140808280,Directed,668,,,1
19045333,147112973,Directed,669,,,1
19045333,152061184,Directed,670,,,1
19045333,167872081,Directed,671,,,1
19045333,193946764,Directed,672,,,1
19045333,205312651,Directed,673,,,1
19045333,205850158,Directed,674,,,1
19045333,206047760,Directed,675,,,1
19045333,220099966,Directed,676,,,1
19045333,229970498,Directed,677,,,1
19045333,258771167,Directed,678,,,1
19045333,266034113,Directed,679,,,1
19045333,300763976,Directed,680,,,1
19045333,365064968,Directed,681,,,1
7815454,562917253,Directed,2159,,,1
19642021,3363362,Directed,683,,,1
19642021,3538796,Directed,684,,,1
19642021,4311406,Directed,685,,,1
19642021,5325067,Directed,686,,,1
19642021,6407680,Directed,687,,,1
19642021,6769254,Directed,688,,,1
19642021,7038577,Directed,689,,,1
19642021,7278378,Directed,690,,,1
19642021,7815454,Directed,691,,,1
19642021,8408976,Directed,692,,,1
19642021,8660003,Directed,693,,,1
19642021,9023364,Directed,694,,,1
19642021,9173772,Directed,696,,,1
19642021,10020082,Directed,697,,,1
19642021,14441649,Directed,698,,,1
19642021,14870878,Directed,699,,,1
19642021,20821771,Directed,701,,,1
19642021,24032841,Directed,702,,,1
19642021,28900519,Directed,703,,,1
19642021,307363013,Directed,704,,,1
19649658,27625112,Directed,706,,,1
19649658,72454202,Directed,707,,,1
19649658,140808280,Directed,708,,,1
19649658,205850158,Directed,709,,,1
20821771,4311406,Directed,710,,,1
20821771,7038577,Directed,711,,,1
20821771,7815454,Directed,712,,,1
20821771,14441649,Directed,713,,,1
20821771,14870878,Directed,714,,,1
20821771,19642021,Directed,715,,,1
20821771,24032841,Directed,716,,,1
20821771,28900519,Directed,717,,,1
20821771,142639387,Directed,718,,,1
20821771,307363013,Directed,719,,,1
21343657,140808280,Directed,721,,,1
21343657,155661745,Directed,722,,,1
21343657,339315283,Directed,723,,,1
21547742,6516489,Directed,724,,,1
21547742,12789381,Directed,725,,,1
21547742,15093046,Directed,726,,,1
21547742,27625112,Directed,727,,,1
21547742,29424858,Directed,728,,,1
21547742,52055451,Directed,729,,,1
21547742,100374520,Directed,730,,,1
21547742,140808280,Directed,731,,,1
21547742,155661745,Directed,732,,,1
21547742,205850158,Directed,733,,,1
22662800,5599901,Directed,734,,,1
22662800,6516489,Directed,735,,,1
22662800,14583473,Directed,736,,,1
22662800,15803716,Directed,737,,,1
22662800,27625112,Directed,738,,,1
22662800,45240815,Directed,739,,,1
22662800,72454202,Directed,740,,,1
22662800,100374520,Directed,741,,,1
22662800,144468561,Directed,742,,,1
22662800,205312651,Directed,743,,,1
22662800,266034113,Directed,744,,,1
300763976,562917252,Directed,2116,,,1
22662800,365064968,Directed,746,,,1
22662800,405613416,Directed,747,,,1
23499242,8644937,Directed,748,,,1
23499242,91165966,Directed,749,,,1
23686916,10040536,Directed,750,,,1
23686916,56764584,Directed,751,,,1
23686916,125582803,Directed,752,,,1
23686916,136569654,Directed,753,,,1
23686916,141747402,Directed,754,,,1
23686916,179696593,Directed,755,,,1
24032841,3538796,Directed,756,,,1
24032841,3848664,Directed,757,,,1
24032841,4311406,Directed,758,,,1
24032841,6407680,Directed,759,,,1
24032841,14441649,Directed,760,,,1
24032841,19642021,Directed,761,,,1
24032841,20821771,Directed,762,,,1
24032841,307363013,Directed,763,,,1
24033979,11044395,Directed,765,,,1
24033979,15731920,Directed,766,,,1
24054585,12789381,Directed,767,,,1
24054585,14583473,Directed,768,,,1
24054585,42044934,Directed,769,,,1
562917252,140808280,Directed,2140,,,1
24054585,52055451,Directed,771,,,1
24054585,57516267,Directed,772,,,1
24054585,147112973,Directed,773,,,1
24054585,152061184,Directed,774,,,1
24054585,193946764,Directed,775,,,1
24054585,206047760,Directed,776,,,1
24054585,220099966,Directed,777,,,1
24082129,9372166,Directed,779,,,1
24082129,49896425,Directed,780,,,1
24337515,3864197,Directed,781,,,1
24337515,5349199,Directed,782,,,1
24337515,5751292,Directed,783,,,1
24337515,7066177,Directed,784,,,1
24337515,31321482,Directed,785,,,1
24337515,37265069,Directed,786,,,1
24337515,39207926,Directed,787,,,1
24337515,74613242,Directed,788,,,1
24337515,150562623,Directed,789,,,1
24491068,2459486,Directed,790,,,1
24491068,76785174,Directed,791,,,1
24491068,142565923,Directed,792,,,1
24491068,154552427,Directed,793,,,1
24491068,164933558,Directed,794,,,1
24491068,246841629,Directed,795,,,1
26860248,186301632,Directed,796,,,1
26860248,263420880,Directed,797,,,1
27625112,6516489,Directed,798,,,1
27625112,15803716,Directed,799,,,1
27625112,19649658,Directed,800,,,1
27625112,21547742,Directed,801,,,1
27625112,22662800,Directed,802,,,1
27625112,31130945,Directed,803,,,1
562917252,100374520,Directed,2141,,,1
27625112,52055451,Directed,805,,,1
27625112,72454202,Directed,806,,,1
27625112,140808280,Directed,807,,,1
27625112,205312651,Directed,808,,,1
27625112,205850158,Directed,809,,,1
27625112,215122811,Directed,810,,,1
27625112,220099966,Directed,811,,,1
27625112,241122169,Directed,812,,,1
27625112,258771167,Directed,813,,,1
27625112,266034113,Directed,814,,,1
27625112,311614096,Directed,815,,,1
27625112,365064968,Directed,816,,,1
27625112,405613416,Directed,817,,,1
27625112,524948955,Directed,818,,,1
28900519,3363362,Directed,819,,,1
28900519,4311406,Directed,820,,,1
28900519,5325067,Directed,821,,,1
28900519,6407680,Directed,822,,,1
28900519,6769254,Directed,823,,,1
28900519,7038577,Directed,824,,,1
28900519,7815454,Directed,825,,,1
28900519,9173772,Directed,827,,,1
28900519,10020082,Directed,828,,,1
28900519,14441649,Directed,829,,,1
28900519,19642021,Directed,830,,,1
28900519,20821771,Directed,831,,,1
28900519,62561894,Directed,832,,,1
28900519,307363013,Directed,833,,,1
29424858,6516489,Directed,835,,,1
29424858,12789381,Directed,836,,,1
29424858,15803716,Directed,837,,,1
29424858,21547742,Directed,838,,,1
29424858,42044934,Directed,839,,,1
29424858,45240815,Directed,840,,,1
29424858,52055451,Directed,841,,,1
29424858,100374520,Directed,842,,,1
29424858,140808280,Directed,843,,,1
29424858,152061184,Directed,844,,,1
29424858,220099966,Directed,845,,,1
29424858,405613416,Directed,846,,,1
31130945,14583473,Directed,847,,,1
31130945,15803716,Directed,848,,,1
31130945,19045333,Directed,849,,,1
31130945,27625112,Directed,850,,,1
31130945,42044934,Directed,851,,,1
31130945,45240815,Directed,852,,,1
31130945,52055451,Directed,853,,,1
31130945,57516267,Directed,854,,,1
31130945,72454202,Directed,855,,,1
31130945,73089978,Directed,856,,,1
31130945,100374520,Directed,857,,,1
31130945,140808280,Directed,858,,,1
31130945,141211618,Directed,859,,,1
31130945,152061184,Directed,860,,,1
31130945,155661745,Directed,861,,,1
31130945,168639534,Directed,862,,,1
31130945,193946764,Directed,863,,,1
31130945,195924453,Directed,864,,,1
31130945,205850158,Directed,865,,,1
31130945,215122811,Directed,866,,,1
31130945,219156121,Directed,867,,,1
31130945,220099966,Directed,868,,,1
31130945,222654604,Directed,869,,,1
31130945,229970498,Directed,870,,,1
31130945,255020634,Directed,871,,,1
31130945,255731762,Directed,872,,,1
31130945,266034113,Directed,873,,,1
31130945,300763976,Directed,874,,,1
31130945,350203424,Directed,875,,,1
266034113,562917252,Directed,2117,,,1
31130945,365064968,Directed,877,,,1
7372677,562917253,Directed,2160,,,1
31321482,413300,Directed,880,,,1
31321482,3864197,Directed,881,,,1
31321482,5349199,Directed,882,,,1
31321482,5751292,Directed,883,,,1
31321482,7066177,Directed,884,,,1
31321482,8764390,Directed,885,,,1
31321482,13186664,Directed,886,,,1
31321482,16547019,Directed,887,,,1
31321482,24337515,Directed,888,,,1
31321482,37265069,Directed,889,,,1
31321482,39207926,Directed,890,,,1
31321482,41269481,Directed,891,,,1
31321482,74613242,Directed,892,,,1
31321482,120271658,Directed,893,,,1
31321482,138282840,Directed,894,,,1
31321482,150562623,Directed,895,,,1
31321482,285604117,Directed,896,,,1
31592008,10040536,Directed,897,,,1
31592008,513457158,Directed,898,,,1
36395547,9155167,Directed,899,,,1
36395547,38661612,Directed,900,,,1
36395547,52418947,Directed,901,,,1
36395547,54447453,Directed,902,,,1
36395547,89278547,Directed,903,,,1
36395547,255520508,Directed,904,,,1
36395547,404106269,Directed,905,,,1
36395547,469499447,Directed,906,,,1
36441035,4311406,Directed,907,,,1
36441035,9155167,Directed,908,,,1
36441035,52418947,Directed,909,,,1
36441035,54447453,Directed,910,,,1
36441035,214260332,Directed,911,,,1
36441035,550950751,Directed,912,,,1
37265069,3864197,Directed,913,,,1
37265069,5349199,Directed,914,,,1
37265069,5751292,Directed,915,,,1
37265069,7066177,Directed,916,,,1
37265069,16547019,Directed,917,,,1
37265069,18534161,Directed,918,,,1
37265069,24337515,Directed,919,,,1
37265069,31321482,Directed,920,,,1
37265069,39207926,Directed,921,,,1
37265069,41269481,Directed,922,,,1
37265069,74613242,Directed,923,,,1
37265069,100070218,Directed,924,,,1
37265069,138282840,Directed,925,,,1
37265069,150562623,Directed,926,,,1
37265069,285604117,Directed,927,,,1
38661612,89278547,Directed,928,,,1
38661612,404106269,Directed,929,,,1
38661612,469499447,Directed,930,,,1
39207926,413300,Directed,931,,,1
39207926,3864197,Directed,932,,,1
39207926,5349199,Directed,933,,,1
39207926,5751292,Directed,934,,,1
39207926,6111900,Directed,935,,,1
39207926,7066177,Directed,936,,,1
39207926,9433513,Directed,937,,,1
39207926,16547019,Directed,938,,,1
39207926,18831551,Directed,939,,,1
39207926,24337515,Directed,940,,,1
39207926,31321482,Directed,941,,,1
39207926,37265069,Directed,942,,,1
39207926,74613242,Directed,943,,,1
39207926,100070218,Directed,944,,,1
39207926,138282840,Directed,945,,,1
39207926,150562623,Directed,946,,,1
41269481,3864197,Directed,947,,,1
41269481,5349199,Directed,948,,,1
41269481,5751292,Directed,949,,,1
41269481,6111900,Directed,950,,,1
41269481,7066177,Directed,951,,,1
41269481,16547019,Directed,952,,,1
41269481,18534161,Directed,953,,,1
41269481,31321482,Directed,954,,,1
41269481,74613242,Directed,955,,,1
41269481,100070218,Directed,956,,,1
41269481,138282840,Directed,957,,,1
41269481,150562623,Directed,958,,,1
42044934,12789381,Directed,959,,,1
42044934,14583473,Directed,960,,,1
42044934,24054585,Directed,961,,,1
42044934,29424858,Directed,962,,,1
42044934,31130945,Directed,963,,,1
42044934,45712751,Directed,964,,,1
42044934,52055451,Directed,965,,,1
42044934,57516267,Directed,966,,,1
42044934,72454202,Directed,967,,,1
42044934,100374520,Directed,968,,,1
42044934,129500474,Directed,969,,,1
42044934,140808280,Directed,970,,,1
42044934,167872081,Directed,971,,,1
42044934,193946764,Directed,972,,,1
42044934,311614096,Directed,973,,,1
258771167,562917252,Directed,2118,,,1
42044934,365064968,Directed,975,,,1
6769254,562917253,Directed,2161,,,1
45240815,6516489,Directed,977,,,1
45240815,12789381,Directed,978,,,1
45240815,22662800,Directed,979,,,1
45240815,29424858,Directed,980,,,1
45240815,31130945,Directed,981,,,1
562917252,72454202,Directed,2142,,,1
45240815,52055451,Directed,983,,,1
45240815,56163145,Directed,984,,,1
45240815,72454202,Directed,985,,,1
45240815,100374520,Directed,986,,,1
45240815,129500474,Directed,987,,,1
45240815,140808280,Directed,988,,,1
45240815,147112973,Directed,989,,,1
45240815,152061184,Directed,990,,,1
45240815,193946764,Directed,991,,,1
45240815,300763976,Directed,992,,,1
220099966,562917252,Directed,2119,,,1
45240815,365064968,Directed,994,,,1
45712751,19045333,Directed,996,,,1
45712751,42044934,Directed,997,,,1
45712751,52055451,Directed,998,,,1
45712751,83633813,Directed,999,,,1
45712751,147112973,Directed,1000,,,1
45712751,152061184,Directed,1001,,,1
45712751,167872081,Directed,1002,,,1
45712751,193946764,Directed,1003,,,1
45712751,300763976,Directed,1004,,,1
45712751,350203424,Directed,1005,,,1
4311406,562917253,Directed,2162,,,1
49896425,9372166,Directed,1007,,,1
49896425,10360922,Directed,1008,,,1
49896425,24082129,Directed,1009,,,1
52055451,5599901,Directed,1010,,,1
52055451,6516489,Directed,1011,,,1
52055451,12789381,Directed,1012,,,1
52055451,14583473,Directed,1013,,,1
52055451,15803716,Directed,1014,,,1
52055451,19045333,Directed,1015,,,1
52055451,21547742,Directed,1016,,,1
52055451,24054585,Directed,1017,,,1
52055451,27625112,Directed,1018,,,1
52055451,29424858,Directed,1019,,,1
52055451,31130945,Directed,1020,,,1
52055451,42044934,Directed,1021,,,1
52055451,45240815,Directed,1022,,,1
52055451,45712751,Directed,1023,,,1
562917252,57516267,Directed,2143,,,1
52055451,56163145,Directed,1025,,,1
52055451,63244111,Directed,1026,,,1
52055451,72454202,Directed,1027,,,1
52055451,73089978,Directed,1028,,,1
562917252,222654604,Directed,2134,,,1
52055451,100374520,Directed,1030,,,1
52055451,129500474,Directed,1031,,,1
52055451,140808280,Directed,1032,,,1
52055451,142952695,Directed,1033,,,1
52055451,152061184,Directed,1034,,,1
52055451,155661745,Directed,1035,,,1
52055451,167872081,Directed,1036,,,1
52055451,168639534,Directed,1037,,,1
52055451,193946764,Directed,1038,,,1
52055451,195924453,Directed,1039,,,1
52055451,205850158,Directed,1040,,,1
52055451,206047760,Directed,1041,,,1
52055451,206509464,Directed,1042,,,1
52055451,210752933,Directed,1043,,,1
52055451,215122811,Directed,1044,,,1
52055451,220099966,Directed,1045,,,1
52055451,229970498,Directed,1046,,,1
52055451,241122169,Directed,1047,,,1
52055451,249341403,Directed,1048,,,1
52055451,255731762,Directed,1049,,,1
52055451,258771167,Directed,1050,,,1
52055451,300763976,Directed,1051,,,1
52055451,311614096,Directed,1052,,,1
52055451,350203424,Directed,1053,,,1
206047760,562917252,Directed,2120,,,1
52055451,365064968,Directed,1055,,,1
3848664,562917253,Directed,2163,,,1
52418947,5938997,Directed,1058,,,1
52418947,8316747,Directed,1059,,,1
52418947,9155167,Directed,1060,,,1
52418947,36395547,Directed,1061,,,1
52418947,36441035,Directed,1062,,,1
52418947,54447453,Directed,1063,,,1
52418947,214260332,Directed,1064,,,1
52418947,255520508,Directed,1065,,,1
52418947,404106269,Directed,1066,,,1
52418947,550950751,Directed,1067,,,1
53937541,2699093,Directed,1068,,,1
53937541,2833128,Directed,1069,,,1
53937541,9372166,Directed,1070,,,1
53937541,9673822,Directed,1071,,,1
53937541,10360922,Directed,1072,,,1
53937541,15804314,Directed,1074,,,1
54447453,2058128,Directed,1075,,,1
54447453,5938997,Directed,1076,,,1
54447453,6218698,Directed,1077,,,1
54447453,8316747,Directed,1078,,,1
54447453,9155167,Directed,1079,,,1
54447453,36395547,Directed,1080,,,1
54447453,36441035,Directed,1081,,,1
54447453,38661612,Directed,1082,,,1
54447453,52418947,Directed,1083,,,1
54447453,89278547,Directed,1084,,,1
54447453,189096318,Directed,1085,,,1
54447453,255520508,Directed,1086,,,1
54447453,404106269,Directed,1087,,,1
55826326,1687066,Directed,1088,,,1
55826326,1895348,Directed,1089,,,1
55826326,15604345,Directed,1090,,,1
56163145,45240815,Directed,1092,,,1
56163145,52055451,Directed,1093,,,1
56163145,72454202,Directed,1094,,,1
56163145,100374520,Directed,1095,,,1
56163145,129500474,Directed,1096,,,1
56163145,140808280,Directed,1097,,,1
56163145,258771167,Directed,1098,,,1
56764584,10040536,Directed,1099,,,1
56764584,23686916,Directed,1100,,,1
56764584,123126139,Directed,1101,,,1
56764584,136569654,Directed,1102,,,1
56764584,141747402,Directed,1103,,,1
56764584,179696593,Directed,1104,,,1
57516267,12789381,Directed,1105,,,1
57516267,14583473,Directed,1106,,,1
57516267,19045333,Directed,1107,,,1
57516267,24054585,Directed,1108,,,1
57516267,31130945,Directed,1109,,,1
57516267,42044934,Directed,1110,,,1
57516267,193946764,Directed,1111,,,1
57516267,206047760,Directed,1112,,,1
57516267,365064968,Directed,1113,,,1
562917253,307363013,Directed,2164,,,1
61819107,1601280,Directed,1115,,,1
61819107,8837849,Directed,1116,,,1
61819107,142929208,Directed,1117,,,1
61819107,508267550,Directed,1118,,,1
62561894,6407680,Directed,1119,,,1
62561894,7815454,Directed,1120,,,1
62561894,28900519,Directed,1121,,,1
63244111,15803716,Directed,1122,,,1
63244111,52055451,Directed,1123,,,1
63244111,73089978,Directed,1124,,,1
63244111,142952695,Directed,1125,,,1
63244111,178467784,Directed,1126,,,1
63244111,210752933,Directed,1127,,,1
63244111,219930156,Directed,1128,,,1
63244111,220099966,Directed,1129,,,1
63244111,223409040,Directed,1130,,,1
63244111,241122169,Directed,1131,,,1
63244111,255020634,Directed,1132,,,1
63244111,311614096,Directed,1133,,,1
63244111,325841893,Directed,1134,,,1
63244111,350203424,Directed,1135,,,1
63244111,350930289,Directed,1136,,,1
63244111,508267550,Directed,1137,,,1
63244111,524948955,Directed,1138,,,1
65225390,3538796,Directed,1139,,,1
65225390,4422316,Directed,1140,,,1
65225390,6308154,Directed,1141,,,1
65225390,6769254,Directed,1142,,,1
65225390,7372677,Directed,1143,,,1
65225390,9667022,Directed,1144,,,1
72454202,5599901,Directed,1145,,,1
72454202,8837849,Directed,1146,,,1
72454202,12789381,Directed,1147,,,1
72454202,14583473,Directed,1148,,,1
72454202,15093046,Directed,1149,,,1
72454202,19045333,Directed,1150,,,1
72454202,19649658,Directed,1151,,,1
72454202,22662800,Directed,1152,,,1
72454202,27625112,Directed,1153,,,1
72454202,31130945,Directed,1154,,,1
72454202,42044934,Directed,1155,,,1
72454202,45240815,Directed,1156,,,1
562917252,52055451,Directed,2144,,,1
72454202,52055451,Directed,1158,,,1
72454202,56163145,Directed,1159,,,1
72454202,129500474,Directed,1160,,,1
72454202,152061184,Directed,1161,,,1
72454202,193946764,Directed,1162,,,1
72454202,205850158,Directed,1163,,,1
72454202,215122811,Directed,1164,,,1
72454202,258771167,Directed,1165,,,1
72454202,263910175,Directed,1166,,,1
72454202,266034113,Directed,1167,,,1
205312651,562917252,Directed,2121,,,1
72454202,365064968,Directed,1169,,,1
72454202,405613416,Directed,1170,,,1
562917253,28900519,Directed,2165,,,1
73089978,31130945,Directed,1173,,,1
73089978,52055451,Directed,1174,,,1
73089978,63244111,Directed,1175,,,1
73089978,140808280,Directed,1176,,,1
73089978,142952695,Directed,1177,,,1
73089978,168639534,Directed,1178,,,1
73089978,210752933,Directed,1179,,,1
73089978,255020634,Directed,1180,,,1
73089978,259383606,Directed,1181,,,1
73089978,311614096,Directed,1182,,,1
73089978,325841893,Directed,1183,,,1
73089978,350930289,Directed,1184,,,1
74613242,3864197,Directed,1185,,,1
74613242,5349199,Directed,1186,,,1
74613242,5751292,Directed,1187,,,1
74613242,6111900,Directed,1188,,,1
74613242,7066177,Directed,1189,,,1
74613242,24337515,Directed,1190,,,1
74613242,31321482,Directed,1191,,,1
74613242,37265069,Directed,1192,,,1
74613242,39207926,Directed,1193,,,1
74613242,41269481,Directed,1194,,,1
74613242,100070218,Directed,1195,,,1
74613242,150562623,Directed,1196,,,1
74613242,285604117,Directed,1197,,,1
76785174,24491068,Directed,1198,,,1
76785174,142565923,Directed,1199,,,1
76785174,154552427,Directed,1200,,,1
76785174,164933558,Directed,1201,,,1
83633813,45712751,Directed,1202,,,1
562917252,45712751,Directed,2145,,,1
83633813,152061184,Directed,1204,,,1
89278547,9155167,Directed,1206,,,1
89278547,36395547,Directed,1207,,,1
89278547,38661612,Directed,1208,,,1
89278547,54447453,Directed,1209,,,1
89278547,404106269,Directed,1210,,,1
89278547,469499447,Directed,1211,,,1
91165966,15804314,Directed,1212,,,1
91165966,23499242,Directed,1213,,,1
91165966,112447060,Directed,1214,,,1
92674866,2459486,Directed,1215,,,1
92674866,7383910,Directed,1216,,,1
92674866,7726541,Directed,1217,,,1
92674866,142565923,Directed,1218,,,1
92674866,154552427,Directed,1219,,,1
92674866,164933558,Directed,1220,,,1
92674866,246841629,Directed,1221,,,1
100070218,5349199,Directed,1222,,,1
100070218,5751292,Directed,1223,,,1
100070218,6111900,Directed,1224,,,1
100070218,7066177,Directed,1225,,,1
100070218,37265069,Directed,1226,,,1
100070218,39207926,Directed,1227,,,1
100070218,41269481,Directed,1228,,,1
100070218,74613242,Directed,1229,,,1
100070218,150562623,Directed,1230,,,1
100374520,6516489,Directed,1231,,,1
100374520,12789381,Directed,1232,,,1
100374520,15803716,Directed,1233,,,1
100374520,19045333,Directed,1234,,,1
100374520,21547742,Directed,1235,,,1
100374520,22662800,Directed,1236,,,1
100374520,29424858,Directed,1237,,,1
100374520,31130945,Directed,1238,,,1
100374520,42044934,Directed,1239,,,1
100374520,45240815,Directed,1240,,,1
562917252,42044934,Directed,2146,,,1
100374520,52055451,Directed,1242,,,1
100374520,56163145,Directed,1243,,,1
562917252,220099966,Directed,2135,,,1
100374520,140808280,Directed,1245,,,1
100374520,147112973,Directed,1246,,,1
100374520,193946764,Directed,1247,,,1
100374520,215122811,Directed,1248,,,1
100374520,220099966,Directed,1249,,,1
100374520,229970498,Directed,1250,,,1
100374520,266034113,Directed,1251,,,1
562917253,24032841,Directed,2166,,,1
109410473,9433513,Directed,1254,,,1
112447060,2699093,Directed,1255,,,1
112447060,9372166,Directed,1256,,,1
112447060,10360922,Directed,1257,,,1
112447060,15804314,Directed,1258,,,1
112447060,91165966,Directed,1259,,,1
119352565,4422316,Directed,1260,,,1
119352565,7372677,Directed,1261,,,1
119352565,9667022,Directed,1262,,,1
120271658,16547019,Directed,1263,,,1
120271658,31321482,Directed,1264,,,1
123126139,56764584,Directed,1265,,,1
125582803,23686916,Directed,1266,,,1
125582803,136569654,Directed,1267,,,1
125582803,141747402,Directed,1268,,,1
125582803,179696593,Directed,1269,,,1
129500474,12789381,Directed,1270,,,1
129500474,42044934,Directed,1271,,,1
129500474,45240815,Directed,1272,,,1
129500474,52055451,Directed,1273,,,1
129500474,56163145,Directed,1274,,,1
129500474,72454202,Directed,1275,,,1
140808280,562917252,Directed,2122,,,1
129500474,365064968,Directed,1277,,,1
134517851,135895542,Directed,1278,,,1
134517851,157264377,Directed,1279,,,1
135895542,134517851,Directed,1280,,,1
135895542,154552427,Directed,1281,,,1
135895542,157264377,Directed,1282,,,1
136569654,23686916,Directed,1283,,,1
136569654,56764584,Directed,1284,,,1
136569654,125582803,Directed,1285,,,1
136569654,141747402,Directed,1286,,,1
136569654,179696593,Directed,1287,,,1
138282840,3864197,Directed,1288,,,1
138282840,5349199,Directed,1289,,,1
138282840,5751292,Directed,1290,,,1
138282840,7066177,Directed,1291,,,1
138282840,31321482,Directed,1292,,,1
138282840,37265069,Directed,1293,,,1
138282840,39207926,Directed,1294,,,1
138282840,41269481,Directed,1295,,,1
140808280,12789381,Directed,1296,,,1
140808280,14583473,Directed,1297,,,1
140808280,19045333,Directed,1298,,,1
140808280,19649658,Directed,1299,,,1
140808280,21343657,Directed,1300,,,1
140808280,21547742,Directed,1301,,,1
140808280,27625112,Directed,1302,,,1
140808280,29424858,Directed,1303,,,1
140808280,31130945,Directed,1304,,,1
140808280,42044934,Directed,1305,,,1
140808280,45240815,Directed,1306,,,1
140808280,52055451,Directed,1307,,,1
140808280,56163145,Directed,1308,,,1
140808280,73089978,Directed,1309,,,1
140808280,100374520,Directed,1310,,,1
140808280,141211618,Directed,1311,,,1
140808280,147112973,Directed,1312,,,1
140808280,155661745,Directed,1313,,,1
140808280,168639534,Directed,1314,,,1
140808280,193946764,Directed,1315,,,1
140808280,195924453,Directed,1316,,,1
140808280,205850158,Directed,1317,,,1
140808280,206047760,Directed,1318,,,1
140808280,210183629,Directed,1319,,,1
140808280,210752933,Directed,1320,,,1
140808280,215122811,Directed,1321,,,1
140808280,219156121,Directed,1322,,,1
140808280,220099966,Directed,1323,,,1
140808280,229970498,Directed,1324,,,1
140808280,241122169,Directed,1325,,,1
140808280,249341403,Directed,1326,,,1
140808280,255020634,Directed,1327,,,1
140808280,255731762,Directed,1328,,,1
140808280,258771167,Directed,1329,,,1
140808280,311614096,Directed,1330,,,1
140808280,365064968,Directed,1331,,,1
140808280,405613416,Directed,1332,,,1
562917253,20821771,Directed,2167,,,1
141211618,15803716,Directed,1335,,,1
141211618,31130945,Directed,1336,,,1
141211618,140808280,Directed,1337,,,1
141211618,152061184,Directed,1338,,,1
141211618,206509464,Directed,1339,,,1
141211618,210183629,Directed,1340,,,1
141211618,210752933,Directed,1341,,,1
141211618,219156121,Directed,1342,,,1
141211618,222654604,Directed,1343,,,1
141211618,266034113,Directed,1344,,,1
141747402,10040536,Directed,1345,,,1
141747402,23686916,Directed,1346,,,1
141747402,56764584,Directed,1347,,,1
141747402,125582803,Directed,1348,,,1
141747402,136569654,Directed,1349,,,1
141747402,179696593,Directed,1350,,,1
141747402,260101515,Directed,1351,,,1
142565923,2459486,Directed,1352,,,1
142565923,7383910,Directed,1353,,,1
142565923,7726541,Directed,1354,,,1
142565923,24491068,Directed,1355,,,1
142565923,76785174,Directed,1356,,,1
142565923,92674866,Directed,1357,,,1
142565923,164933558,Directed,1358,,,1
142565923,246841629,Directed,1359,,,1
142639387,7038577,Directed,1360,,,1
142639387,14870878,Directed,1361,,,1
142639387,20821771,Directed,1362,,,1
142929208,1601280,Directed,1363,,,1
142929208,8837849,Directed,1364,,,1
142929208,61819107,Directed,1365,,,1
142952695,14583473,Directed,1366,,,1
142952695,15803716,Directed,1367,,,1
142952695,52055451,Directed,1368,,,1
142952695,63244111,Directed,1369,,,1
142952695,73089978,Directed,1370,,,1
142952695,168639534,Directed,1371,,,1
142952695,178467784,Directed,1372,,,1
142952695,210752933,Directed,1373,,,1
142952695,220099966,Directed,1374,,,1
142952695,259383606,Directed,1375,,,1
142952695,266034113,Directed,1376,,,1
142952695,325841893,Directed,1377,,,1
142952695,350203424,Directed,1378,,,1
142952695,405613416,Directed,1379,,,1
142952695,524948955,Directed,1380,,,1
144468561,5599901,Directed,1381,,,1
144468561,14583473,Directed,1382,,,1
144468561,22662800,Directed,1383,,,1
144468561,205312651,Directed,1384,,,1
144468561,206047760,Directed,1385,,,1
144468561,215122811,Directed,1386,,,1
144468561,258771167,Directed,1387,,,1
144468561,263910175,Directed,1388,,,1
144468561,405613416,Directed,1389,,,1
147112973,19045333,Directed,1390,,,1
147112973,24054585,Directed,1391,,,1
147112973,45240815,Directed,1392,,,1
147112973,45712751,Directed,1393,,,1
147112973,100374520,Directed,1394,,,1
147112973,140808280,Directed,1395,,,1
147112973,152061184,Directed,1396,,,1
147112973,167872081,Directed,1397,,,1
147112973,300763976,Directed,1398,,,1
562917253,19642021,Directed,2168,,,1
150562623,3864197,Directed,1400,,,1
150562623,5349199,Directed,1401,,,1
150562623,5751292,Directed,1402,,,1
150562623,6111900,Directed,1403,,,1
150562623,7066177,Directed,1404,,,1
150562623,16547019,Directed,1405,,,1
150562623,24337515,Directed,1406,,,1
150562623,31321482,Directed,1407,,,1
150562623,37265069,Directed,1408,,,1
150562623,39207926,Directed,1409,,,1
150562623,41269481,Directed,1410,,,1
150562623,74613242,Directed,1411,,,1
150562623,100070218,Directed,1412,,,1
150562623,285604117,Directed,1413,,,1
151521615,1601280,Directed,1414,,,1
152061184,6516489,Directed,1415,,,1
152061184,12789381,Directed,1416,,,1
152061184,19045333,Directed,1417,,,1
152061184,24054585,Directed,1418,,,1
152061184,29424858,Directed,1419,,,1
152061184,31130945,Directed,1420,,,1
152061184,45240815,Directed,1421,,,1
152061184,45712751,Directed,1422,,,1
152061184,52055451,Directed,1423,,,1
152061184,72454202,Directed,1424,,,1
152061184,83633813,Directed,1425,,,1
152061184,141211618,Directed,1426,,,1
152061184,147112973,Directed,1427,,,1
152061184,167872081,Directed,1428,,,1
152061184,193946764,Directed,1429,,,1
152061184,205850158,Directed,1430,,,1
152061184,206047760,Directed,1431,,,1
152061184,210183629,Directed,1432,,,1
152061184,219156121,Directed,1433,,,1
152061184,222654604,Directed,1434,,,1
152061184,229970498,Directed,1435,,,1
152061184,255731762,Directed,1436,,,1
152061184,258771167,Directed,1437,,,1
152061184,311614096,Directed,1438,,,1
152061184,365064968,Directed,1439,,,1
154552427,24491068,Directed,1440,,,1
154552427,76785174,Directed,1441,,,1
154552427,92674866,Directed,1442,,,1
154552427,135895542,Directed,1443,,,1
154552427,164933558,Directed,1444,,,1
155661745,12789381,Directed,1445,,,1
155661745,21343657,Directed,1446,,,1
155661745,21547742,Directed,1447,,,1
155661745,31130945,Directed,1448,,,1
155661745,52055451,Directed,1449,,,1
155661745,140808280,Directed,1450,,,1
155661745,215122811,Directed,1451,,,1
155661745,223296552,Directed,1452,,,1
155661745,311614096,Directed,1453,,,1
155661745,365064968,Directed,1454,,,1
157264377,134517851,Directed,1455,,,1
157264377,135895542,Directed,1456,,,1
164933558,2459486,Directed,1457,,,1
164933558,7726541,Directed,1458,,,1
164933558,24491068,Directed,1459,,,1
164933558,76785174,Directed,1460,,,1
164933558,92674866,Directed,1461,,,1
164933558,142565923,Directed,1462,,,1
164933558,154552427,Directed,1463,,,1
164933558,246841629,Directed,1464,,,1
167872081,12789381,Directed,1465,,,1
167872081,19045333,Directed,1466,,,1
167872081,42044934,Directed,1467,,,1
167872081,45712751,Directed,1468,,,1
167872081,52055451,Directed,1469,,,1
167872081,147112973,Directed,1470,,,1
167872081,152061184,Directed,1471,,,1
167872081,220099966,Directed,1472,,,1
167872081,258771167,Directed,1473,,,1
168639534,5599901,Directed,1474,,,1
168639534,14583473,Directed,1475,,,1
168639534,31130945,Directed,1476,,,1
168639534,52055451,Directed,1477,,,1
168639534,73089978,Directed,1478,,,1
168639534,140808280,Directed,1479,,,1
168639534,142952695,Directed,1480,,,1
168639534,205312651,Directed,1481,,,1
168639534,219156121,Directed,1482,,,1
168639534,255020634,Directed,1483,,,1
168639534,258771167,Directed,1484,,,1
168639534,259383606,Directed,1485,,,1
168639534,311614096,Directed,1486,,,1
168639534,325841893,Directed,1487,,,1
168639534,350203424,Directed,1488,,,1
168639534,405613416,Directed,1489,,,1
168639534,524948955,Directed,1490,,,1
178467784,63244111,Directed,1491,,,1
178467784,142952695,Directed,1492,,,1
178467784,220099966,Directed,1493,,,1
178467784,223296552,Directed,1494,,,1
178467784,241122169,Directed,1495,,,1
178467784,288558153,Directed,1496,,,1
179696593,10040536,Directed,1497,,,1
179696593,56764584,Directed,1498,,,1
179696593,125582803,Directed,1499,,,1
179696593,136569654,Directed,1500,,,1
179696593,141747402,Directed,1501,,,1
179696593,260101515,Directed,1502,,,1
186301632,1601280,Directed,1503,,,1
186301632,26860248,Directed,1504,,,1
186301632,263420880,Directed,1505,,,1
189096318,8316747,Directed,1506,,,1
189096318,54447453,Directed,1507,,,1
193946764,6516489,Directed,1508,,,1
193946764,12789381,Directed,1509,,,1
193946764,19045333,Directed,1510,,,1
193946764,24054585,Directed,1511,,,1
193946764,31130945,Directed,1512,,,1
193946764,42044934,Directed,1513,,,1
193946764,45240815,Directed,1514,,,1
193946764,45712751,Directed,1515,,,1
193946764,52055451,Directed,1516,,,1
193946764,57516267,Directed,1517,,,1
193946764,72454202,Directed,1518,,,1
193946764,100374520,Directed,1519,,,1
193946764,140808280,Directed,1520,,,1
193946764,152061184,Directed,1521,,,1
193946764,206509464,Directed,1522,,,1
193946764,300763976,Directed,1523,,,1
100374520,562917252,Directed,2123,,,1
562917253,14870878,Directed,2169,,,1
195924453,14583473,Directed,1526,,,1
195924453,31130945,Directed,1527,,,1
195924453,52055451,Directed,1528,,,1
195924453,140808280,Directed,1529,,,1
195924453,206047760,Directed,1530,,,1
195924453,220099966,Directed,1531,,,1
195924453,258771167,Directed,1532,,,1
195924453,266034113,Directed,1533,,,1
195924453,325841893,Directed,1534,,,1
202840340,203406561,Directed,1535,,,1
203406561,202840340,Directed,1536,,,1
205312651,5599901,Directed,1537,,,1
205312651,6516489,Directed,1538,,,1
205312651,14583473,Directed,1539,,,1
205312651,15803716,Directed,1540,,,1
205312651,19045333,Directed,1541,,,1
205312651,22662800,Directed,1542,,,1
205312651,27625112,Directed,1543,,,1
205312651,144468561,Directed,1544,,,1
205312651,168639534,Directed,1545,,,1
205312651,205850158,Directed,1546,,,1
205312651,206047760,Directed,1547,,,1
205312651,220099966,Directed,1548,,,1
205312651,405613416,Directed,1549,,,1
562917253,14441649,Directed,2170,,,1
205850158,5599901,Directed,1552,,,1
205850158,12789381,Directed,1553,,,1
205850158,15803716,Directed,1554,,,1
205850158,19045333,Directed,1555,,,1
205850158,19649658,Directed,1556,,,1
205850158,21547742,Directed,1557,,,1
205850158,27625112,Directed,1558,,,1
205850158,31130945,Directed,1559,,,1
205850158,52055451,Directed,1560,,,1
205850158,72454202,Directed,1561,,,1
205850158,140808280,Directed,1562,,,1
205850158,152061184,Directed,1563,,,1
205850158,205312651,Directed,1564,,,1
205850158,215122811,Directed,1565,,,1
205850158,220099966,Directed,1566,,,1
205850158,258771167,Directed,1567,,,1
205850158,266034113,Directed,1568,,,1
205850158,405613416,Directed,1569,,,1
206047760,5599901,Directed,1570,,,1
206047760,8837849,Directed,1571,,,1
206047760,14583473,Directed,1572,,,1
206047760,15803716,Directed,1573,,,1
206047760,19045333,Directed,1574,,,1
206047760,24054585,Directed,1575,,,1
562917252,31130945,Directed,2147,,,1
206047760,52055451,Directed,1577,,,1
206047760,57516267,Directed,1578,,,1
206047760,140808280,Directed,1579,,,1
206047760,144468561,Directed,1580,,,1
206047760,152061184,Directed,1581,,,1
206047760,195924453,Directed,1582,,,1
206047760,205312651,Directed,1583,,,1
206047760,215122811,Directed,1584,,,1
206047760,258771167,Directed,1585,,,1
206047760,263910175,Directed,1586,,,1
206047760,266034113,Directed,1587,,,1
206047760,365064968,Directed,1588,,,1
206047760,405613416,Directed,1589,,,1
562917253,7815454,Directed,2171,,,1
206509464,52055451,Directed,1592,,,1
206509464,141211618,Directed,1593,,,1
206509464,193946764,Directed,1594,,,1
206509464,210183629,Directed,1595,,,1
206509464,219156121,Directed,1596,,,1
206509464,220099966,Directed,1597,,,1
206509464,222654604,Directed,1598,,,1
206509464,229970498,Directed,1599,,,1
206509464,266034113,Directed,1600,,,1
210183629,14583473,Directed,1601,,,1
210183629,15803716,Directed,1602,,,1
210183629,140808280,Directed,1603,,,1
210183629,141211618,Directed,1604,,,1
210183629,152061184,Directed,1605,,,1
210183629,206509464,Directed,1606,,,1
210183629,210752933,Directed,1607,,,1
210183629,220099966,Directed,1608,,,1
210183629,222654604,Directed,1609,,,1
210183629,258771167,Directed,1610,,,1
210183629,311614096,Directed,1611,,,1
210183629,350203424,Directed,1612,,,1
210752933,5599901,Directed,1613,,,1
210752933,14583473,Directed,1614,,,1
210752933,52055451,Directed,1615,,,1
210752933,63244111,Directed,1616,,,1
210752933,73089978,Directed,1617,,,1
210752933,140808280,Directed,1618,,,1
210752933,141211618,Directed,1619,,,1
210752933,142952695,Directed,1620,,,1
210752933,210183629,Directed,1621,,,1
210752933,215122811,Directed,1622,,,1
210752933,220099966,Directed,1623,,,1
210752933,241122169,Directed,1624,,,1
210752933,249341403,Directed,1625,,,1
210752933,255020634,Directed,1626,,,1
210752933,255731762,Directed,1627,,,1
210752933,258771167,Directed,1628,,,1
210752933,266034113,Directed,1629,,,1
210752933,311614096,Directed,1630,,,1
210752933,325841893,Directed,1631,,,1
210752933,405613416,Directed,1632,,,1
210752933,438267912,Directed,1633,,,1
214260332,36441035,Directed,1634,,,1
214260332,52418947,Directed,1635,,,1
214260332,550950751,Directed,1636,,,1
215122811,14583473,Directed,1637,,,1
215122811,15803716,Directed,1638,,,1
215122811,27625112,Directed,1639,,,1
215122811,31130945,Directed,1640,,,1
215122811,52055451,Directed,1641,,,1
215122811,72454202,Directed,1642,,,1
215122811,100374520,Directed,1643,,,1
215122811,140808280,Directed,1644,,,1
215122811,144468561,Directed,1645,,,1
215122811,155661745,Directed,1646,,,1
215122811,205850158,Directed,1647,,,1
215122811,206047760,Directed,1648,,,1
215122811,210752933,Directed,1649,,,1
215122811,220099966,Directed,1650,,,1
215122811,255731762,Directed,1651,,,1
215122811,258771167,Directed,1652,,,1
215122811,266034113,Directed,1653,,,1
215122811,365064968,Directed,1654,,,1
215122811,405613416,Directed,1655,,,1
219156121,14583473,Directed,1656,,,1
219156121,31130945,Directed,1657,,,1
219156121,140808280,Directed,1658,,,1
219156121,141211618,Directed,1659,,,1
219156121,152061184,Directed,1660,,,1
219156121,168639534,Directed,1661,,,1
219156121,206509464,Directed,1662,,,1
219156121,220099966,Directed,1663,,,1
219156121,222654604,Directed,1664,,,1
219156121,229970498,Directed,1665,,,1
219156121,258771167,Directed,1666,,,1
219156121,263910175,Directed,1667,,,1
219156121,350203424,Directed,1668,,,1
219156121,405613416,Directed,1669,,,1
219930156,14583473,Directed,1670,,,1
219930156,63244111,Directed,1671,,,1
219930156,220099966,Directed,1672,,,1
219930156,255020634,Directed,1673,,,1
219930156,350930289,Directed,1674,,,1
220099966,5599901,Directed,1675,,,1
220099966,6516489,Directed,1676,,,1
220099966,12789381,Directed,1677,,,1
220099966,14583473,Directed,1678,,,1
220099966,15803716,Directed,1679,,,1
220099966,19045333,Directed,1680,,,1
220099966,24054585,Directed,1681,,,1
220099966,27625112,Directed,1682,,,1
220099966,29424858,Directed,1683,,,1
220099966,31130945,Directed,1684,,,1
562917252,19045333,Directed,2148,,,1
220099966,52055451,Directed,1686,,,1
220099966,63244111,Directed,1687,,,1
220099966,100374520,Directed,1688,,,1
220099966,140808280,Directed,1689,,,1
220099966,142952695,Directed,1690,,,1
220099966,167872081,Directed,1691,,,1
220099966,178467784,Directed,1692,,,1
220099966,195924453,Directed,1693,,,1
220099966,205312651,Directed,1694,,,1
220099966,205850158,Directed,1695,,,1
220099966,206509464,Directed,1696,,,1
220099966,210183629,Directed,1697,,,1
220099966,210752933,Directed,1698,,,1
220099966,215122811,Directed,1699,,,1
220099966,219156121,Directed,1700,,,1
220099966,219930156,Directed,1701,,,1
220099966,229970498,Directed,1702,,,1
220099966,241122169,Directed,1703,,,1
220099966,249341403,Directed,1704,,,1
220099966,255020634,Directed,1705,,,1
220099966,255731762,Directed,1706,,,1
220099966,258771167,Directed,1707,,,1
220099966,266034113,Directed,1708,,,1
220099966,300763976,Directed,1709,,,1
220099966,311614096,Directed,1710,,,1
220099966,325841893,Directed,1711,,,1
220099966,350203424,Directed,1712,,,1
220099966,405613416,Directed,1713,,,1
220099966,438267912,Directed,1714,,,1
220099966,524948955,Directed,1715,,,1
562917253,7372677,Directed,2172,,,1
222654604,14583473,Directed,1718,,,1
222654604,31130945,Directed,1719,,,1
222654604,141211618,Directed,1720,,,1
222654604,152061184,Directed,1721,,,1
222654604,206509464,Directed,1722,,,1
222654604,210183629,Directed,1723,,,1
222654604,219156121,Directed,1724,,,1
222654604,229970498,Directed,1725,,,1
222654604,266034113,Directed,1726,,,1
562917253,7278378,Directed,2173,,,1
223296552,155661745,Directed,1728,,,1
223296552,178467784,Directed,1729,,,1
223296552,288558153,Directed,1730,,,1
223409040,63244111,Directed,1731,,,1
223409040,255020634,Directed,1732,,,1
223409040,350930289,Directed,1733,,,1
226594840,7292505,Directed,1734,,,1
229970498,15803716,Directed,1735,,,1
229970498,19045333,Directed,1736,,,1
229970498,31130945,Directed,1737,,,1
229970498,52055451,Directed,1738,,,1
229970498,100374520,Directed,1739,,,1
229970498,140808280,Directed,1740,,,1
229970498,152061184,Directed,1741,,,1
229970498,206509464,Directed,1742,,,1
229970498,219156121,Directed,1743,,,1
229970498,220099966,Directed,1744,,,1
229970498,222654604,Directed,1745,,,1
241122169,15803716,Directed,1746,,,1
241122169,27625112,Directed,1747,,,1
241122169,52055451,Directed,1748,,,1
241122169,63244111,Directed,1749,,,1
241122169,140808280,Directed,1750,,,1
241122169,178467784,Directed,1751,,,1
241122169,210752933,Directed,1752,,,1
241122169,220099966,Directed,1753,,,1
241122169,249341403,Directed,1754,,,1
241122169,255731762,Directed,1755,,,1
241122169,288558153,Directed,1756,,,1
241122169,311614096,Directed,1757,,,1
241122169,350203424,Directed,1758,,,1
241122169,438267912,Directed,1759,,,1
246841629,2459486,Directed,1760,,,1
246841629,7726541,Directed,1761,,,1
246841629,24491068,Directed,1762,,,1
246841629,92674866,Directed,1763,,,1
246841629,142565923,Directed,1764,,,1
246841629,164933558,Directed,1765,,,1
249341403,14583473,Directed,1766,,,1
249341403,52055451,Directed,1767,,,1
249341403,140808280,Directed,1768,,,1
249341403,210752933,Directed,1769,,,1
249341403,220099966,Directed,1770,,,1
249341403,241122169,Directed,1771,,,1
249341403,255020634,Directed,1772,,,1
249341403,311614096,Directed,1773,,,1
255020634,14583473,Directed,1774,,,1
255020634,15803716,Directed,1775,,,1
255020634,31130945,Directed,1776,,,1
255020634,63244111,Directed,1777,,,1
255020634,73089978,Directed,1778,,,1
255020634,140808280,Directed,1779,,,1
255020634,168639534,Directed,1780,,,1
255020634,210752933,Directed,1781,,,1
255020634,219930156,Directed,1782,,,1
255020634,220099966,Directed,1783,,,1
255020634,223409040,Directed,1784,,,1
255020634,249341403,Directed,1785,,,1
255020634,311614096,Directed,1786,,,1
255020634,350930289,Directed,1787,,,1
255020634,524948955,Directed,1788,,,1
255731762,12789381,Directed,1789,,,1
255731762,15803716,Directed,1790,,,1
255731762,31130945,Directed,1791,,,1
255731762,52055451,Directed,1792,,,1
255731762,140808280,Directed,1793,,,1
255731762,152061184,Directed,1794,,,1
255731762,210752933,Directed,1795,,,1
255731762,215122811,Directed,1796,,,1
255731762,220099966,Directed,1797,,,1
255731762,241122169,Directed,1798,,,1
255731762,311614096,Directed,1799,,,1
258771167,5599901,Directed,1800,,,1
258771167,14583473,Directed,1801,,,1
258771167,15803716,Directed,1802,,,1
258771167,19045333,Directed,1803,,,1
258771167,27625112,Directed,1804,,,1
562917252,5599901,Directed,2149,,,1
258771167,52055451,Directed,1806,,,1
258771167,56163145,Directed,1807,,,1
258771167,72454202,Directed,1808,,,1
258771167,140808280,Directed,1809,,,1
258771167,144468561,Directed,1810,,,1
258771167,152061184,Directed,1811,,,1
258771167,167872081,Directed,1812,,,1
258771167,168639534,Directed,1813,,,1
258771167,195924453,Directed,1814,,,1
258771167,205850158,Directed,1815,,,1
258771167,206047760,Directed,1816,,,1
258771167,210183629,Directed,1817,,,1
258771167,210752933,Directed,1818,,,1
258771167,215122811,Directed,1819,,,1
258771167,219156121,Directed,1820,,,1
258771167,220099966,Directed,1821,,,1
258771167,263910175,Directed,1822,,,1
258771167,266034113,Directed,1823,,,1
258771167,311614096,Directed,1824,,,1
258771167,365064968,Directed,1825,,,1
258771167,405613416,Directed,1826,,,1
562917253,7038577,Directed,2174,,,1
259383606,15803716,Directed,1829,,,1
259383606,73089978,Directed,1830,,,1
259383606,142952695,Directed,1831,,,1
259383606,168639534,Directed,1832,,,1
259383606,325841893,Directed,1833,,,1
259383606,350203424,Directed,1834,,,1
259383606,524948955,Directed,1835,,,1
260101515,141747402,Directed,1836,,,1
260101515,179696593,Directed,1837,,,1
263420880,1601280,Directed,1838,,,1
263420880,26860248,Directed,1839,,,1
263420880,186301632,Directed,1840,,,1
263910175,14583473,Directed,1841,,,1
263910175,72454202,Directed,1842,,,1
263910175,144468561,Directed,1843,,,1
263910175,206047760,Directed,1844,,,1
263910175,219156121,Directed,1845,,,1
263910175,258771167,Directed,1846,,,1
263910175,405613416,Directed,1847,,,1
266034113,5599901,Directed,1848,,,1
266034113,12789381,Directed,1849,,,1
266034113,14583473,Directed,1850,,,1
266034113,15803716,Directed,1851,,,1
266034113,19045333,Directed,1852,,,1
266034113,22662800,Directed,1853,,,1
266034113,27625112,Directed,1854,,,1
266034113,31130945,Directed,1855,,,1
222654604,562917252,Directed,2150,,,1
266034113,72454202,Directed,1857,,,1
266034113,100374520,Directed,1858,,,1
266034113,141211618,Directed,1859,,,1
266034113,142952695,Directed,1860,,,1
266034113,195924453,Directed,1861,,,1
266034113,205850158,Directed,1862,,,1
266034113,206047760,Directed,1863,,,1
266034113,206509464,Directed,1864,,,1
266034113,210752933,Directed,1865,,,1
266034113,215122811,Directed,1866,,,1
266034113,219156121,Directed,1867,,,1
266034113,220099966,Directed,1868,,,1
266034113,222654604,Directed,1869,,,1
266034113,258771167,Directed,1870,,,1
266034113,350203424,Directed,1871,,,1
266034113,405613416,Directed,1872,,,1
266034113,524948955,Directed,1873,,,1
562917253,6769254,Directed,2175,,,1
270477814,227657,Directed,1876,,,1
270477814,1687066,Directed,1877,,,1
270477814,1895348,Directed,1878,,,1
270477814,15604345,Directed,1879,,,1
285604117,3864197,Directed,1880,,,1
285604117,5349199,Directed,1881,,,1
285604117,5751292,Directed,1882,,,1
285604117,7066177,Directed,1883,,,1
285604117,31321482,Directed,1884,,,1
285604117,37265069,Directed,1885,,,1
285604117,74613242,Directed,1886,,,1
285604117,150562623,Directed,1887,,,1
288558153,178467784,Directed,1888,,,1
288558153,223296552,Directed,1889,,,1
288558153,241122169,Directed,1890,,,1
300763976,19045333,Directed,1891,,,1
300763976,31130945,Directed,1892,,,1
300763976,45240815,Directed,1893,,,1
300763976,45712751,Directed,1894,,,1
193946764,562917252,Directed,2151,,,1
300763976,52055451,Directed,1896,,,1
300763976,147112973,Directed,1897,,,1
300763976,193946764,Directed,1898,,,1
300763976,220099966,Directed,1899,,,1
307363013,3848664,Directed,1901,,,1
307363013,4311406,Directed,1902,,,1
307363013,6407680,Directed,1903,,,1
307363013,6769254,Directed,1904,,,1
307363013,7038577,Directed,1905,,,1
307363013,7278378,Directed,1906,,,1
307363013,7815454,Directed,1907,,,1
307363013,14441649,Directed,1908,,,1
307363013,14870878,Directed,1909,,,1
307363013,19642021,Directed,1910,,,1
307363013,20821771,Directed,1911,,,1
307363013,24032841,Directed,1912,,,1
307363013,28900519,Directed,1913,,,1
562917252,206047760,Directed,2136,,,1
311614096,27625112,Directed,1916,,,1
311614096,42044934,Directed,1917,,,1
311614096,52055451,Directed,1918,,,1
311614096,63244111,Directed,1919,,,1
311614096,73089978,Directed,1920,,,1
311614096,140808280,Directed,1921,,,1
311614096,152061184,Directed,1922,,,1
311614096,155661745,Directed,1923,,,1
311614096,168639534,Directed,1924,,,1
311614096,210183629,Directed,1925,,,1
311614096,210752933,Directed,1926,,,1
311614096,220099966,Directed,1927,,,1
311614096,241122169,Directed,1928,,,1
311614096,249341403,Directed,1929,,,1
311614096,255020634,Directed,1930,,,1
311614096,255731762,Directed,1931,,,1
311614096,258771167,Directed,1932,,,1
311614096,350203424,Directed,1933,,,1
311614096,405613416,Directed,1934,,,1
325841893,15803716,Directed,1935,,,1
325841893,63244111,Directed,1936,,,1
325841893,73089978,Directed,1937,,,1
325841893,142952695,Directed,1938,,,1
325841893,168639534,Directed,1939,,,1
325841893,195924453,Directed,1940,,,1
325841893,210752933,Directed,1941,,,1
325841893,220099966,Directed,1942,,,1
325841893,259383606,Directed,1943,,,1
325841893,405613416,Directed,1944,,,1
325841893,524948955,Directed,1945,,,1
344410216,7292505,Directed,1946,,,1
350203424,14583473,Directed,1947,,,1
350203424,31130945,Directed,1948,,,1
350203424,45712751,Directed,1949,,,1
350203424,52055451,Directed,1950,,,1
350203424,63244111,Directed,1951,,,1
350203424,142952695,Directed,1952,,,1
350203424,168639534,Directed,1953,,,1
350203424,210183629,Directed,1954,,,1
350203424,219156121,Directed,1955,,,1
350203424,220099966,Directed,1956,,,1
350203424,241122169,Directed,1957,,,1
350203424,259383606,Directed,1958,,,1
350203424,266034113,Directed,1959,,,1
350203424,311614096,Directed,1960,,,1
350203424,524948955,Directed,1961,,,1
350930289,63244111,Directed,1962,,,1
350930289,73089978,Directed,1963,,,1
350930289,219930156,Directed,1964,,,1
350930289,223409040,Directed,1965,,,1
350930289,255020634,Directed,1966,,,1
72454202,562917252,Directed,2125,,,1
52055451,562917252,Directed,2126,,,1
45240815,562917252,Directed,2127,,,1
31130945,562917252,Directed,2128,,,1
24054585,562917252,Directed,2129,,,1
15803716,562917252,Directed,2130,,,1
12789381,562917252,Directed,2131,,,1
562917252,266034113,Directed,2132,,,1
562917252,258771167,Directed,2133,,,1
365064968,5599901,Directed,1991,,,1
365064968,12789381,Directed,1992,,,1
365064968,15803716,Directed,1993,,,1
365064968,19045333,Directed,1994,,,1
365064968,22662800,Directed,1995,,,1
365064968,27625112,Directed,1996,,,1
365064968,31130945,Directed,1997,,,1
365064968,42044934,Directed,1998,,,1
365064968,45240815,Directed,1999,,,1
365064968,52055451,Directed,2000,,,1
365064968,57516267,Directed,2001,,,1
365064968,72454202,Directed,2002,,,1
365064968,129500474,Directed,2003,,,1
365064968,140808280,Directed,2004,,,1
365064968,152061184,Directed,2005,,,1
365064968,155661745,Directed,2006,,,1
365064968,206047760,Directed,2007,,,1
365064968,215122811,Directed,2008,,,1
365064968,258771167,Directed,2009,,,1
83633813,562917252,Directed,2124,,,1
365064968,405613416,Directed,2011,,,1
385370289,1601280,Directed,2012,,,1
385370289,388386971,Directed,2013,,,1
388386971,385370289,Directed,2014,,,1
404106269,8316747,Directed,2015,,,1
404106269,9155167,Directed,2016,,,1
404106269,36395547,Directed,2017,,,1
404106269,38661612,Directed,2018,,,1
404106269,52418947,Directed,2019,,,1
404106269,54447453,Directed,2020,,,1
404106269,89278547,Directed,2021,,,1
404106269,255520508,Directed,2022,,,1
404106269,469499447,Directed,2023,,,1
405613416,5599901,Directed,2024,,,1
405613416,6516489,Directed,2025,,,1
405613416,12789381,Directed,2026,,,1
405613416,14583473,Directed,2027,,,1
405613416,15803716,Directed,2028,,,1
405613416,22662800,Directed,2029,,,1
405613416,27625112,Directed,2030,,,1
405613416,29424858,Directed,2031,,,1
405613416,72454202,Directed,2032,,,1
405613416,140808280,Directed,2033,,,1
405613416,142952695,Directed,2034,,,1
405613416,144468561,Directed,2035,,,1
405613416,168639534,Directed,2036,,,1
405613416,205312651,Directed,2037,,,1
405613416,205850158,Directed,2038,,,1
405613416,206047760,Directed,2039,,,1
405613416,210752933,Directed,2040,,,1
405613416,215122811,Directed,2041,,,1
405613416,219156121,Directed,2042,,,1
405613416,220099966,Directed,2043,,,1
405613416,258771167,Directed,2044,,,1
405613416,263910175,Directed,2045,,,1
405613416,266034113,Directed,2046,,,1
405613416,311614096,Directed,2047,,,1
405613416,325841893,Directed,2048,,,1
405613416,365064968,Directed,2049,,,1
438267912,15803716,Directed,2050,,,1
438267912,210752933,Directed,2051,,,1
438267912,220099966,Directed,2052,,,1
438267912,241122169,Directed,2053,,,1
469499447,9155167,Directed,2054,,,1
469499447,36395547,Directed,2055,,,1
469499447,38661612,Directed,2056,,,1
469499447,89278547,Directed,2057,,,1
469499447,404106269,Directed,2058,,,1
508267550,1601280,Directed,2059,,,1
508267550,61819107,Directed,2060,,,1
508267550,63244111,Directed,2061,,,1
513457158,10040536,Directed,2062,,,1
513457158,31592008,Directed,2063,,,1
513457158,56764584,Directed,2064,,,1
524948955,14583473,Directed,2065,,,1
524948955,27625112,Directed,2066,,,1
524948955,63244111,Directed,2067,,,1
524948955,142952695,Directed,2068,,,1
524948955,168639534,Directed,2069,,,1
524948955,220099966,Directed,2070,,,1
524948955,255020634,Directed,2071,,,1
524948955,259383606,Directed,2072,,,1
524948955,266034113,Directed,2073,,,1
524948955,325841893,Directed,2074,,,1
524948955,350203424,Directed,2075,,,1
550950751,36441035,Directed,2076,,,1
550950751,52418947,Directed,2077,,,1
550950751,214260332,Directed,2078,,,1
562917253,6407680,Directed,2176,,,1
562917253,4311406,Directed,2177,,,1
562917253,3848664,Directed,2178,,,1
307363013,562917253,Directed,2179,,,1
28900519,562917253,Directed,2180,,,1
24032841,562917253,Directed,2181,,,1
20821771,562917253,Directed,2182,,,1
19642021,562917253,Directed,2183,,,1
14870878,562917253,Directed,2184,,,1
7278378,562917253,Directed,2185,,,1
7038577,562917253,Directed,2186,,,1
6407680,562917253,Directed,2187,,,1
